RAIN_BUCKET,avg_ratio,median_ratio,avg_connected_rt,avg_orders,pct_hours_saturated,n,delta_orders_vs_no_rain,delta_connected_rt_vs_no_rain
no_rain,0.7749446322427563,0.7777777777777778,8.940405748098057,8.867497886728655,3.6770921386306,9464,0.0,0.0
light,1.0603855527536274,0.875,8.936974789915967,11.42436974789916,17.22689075630252,238,2.556871861170505,-0.003430958182089938
moderate,1.7003951441842533,1.5,13.097402597402597,21.116883116883116,31.16883116883117,154,12.249385230154461,4.156996849304541
heavy,1.7694804212254789,1.4285714285714286,15.183035714285714,23.504464285714285,33.92857142857143,224,14.63696639898563,6.242629966187657
